address,start_date,end_date
0x07bf3cda34aa78d92949bbdce31520714ab5b228,13-12-2024,23-07-2025
0x07fda67513ec0897866098a11dc3858089d4a505,13-12-2024,23-07-2025
0xcf79c7eaec5bdc1a9e32d099c5d6bdf67e4cf6e8,13-12-2024,23-07-2025
0x3b60e31cfc48a9074cd5bebb26c9eaa77650a43f,13-12-2024,23-07-2025
0x69e271483c38ed4902a55c3ea8aab9e7cc8617e5,13-12-2024,23-07-2025
0x64fed9e56b548343e7bb47c49ecd7ffa9f1a34fe,13-12-2024,23-07-2025
0x3db5b38ef4b433d9c6a664bd35551be73313189a,13-12-2024,23-07-2025
0x66946def4ba6153C500D743b7A5FebfC1654d6bD,13-12-2024,23-07-2025
0xe422d6c46a69e989ba6468ccd0435cb0c5c243e3,13-12-2024,23-07-2025
0xa50d0e425461ccab26ef30104cdd879b90db3843,13-12-2024,23-07-2025
0x5a5d9ab7b1bd978f80909503ebb828879daca9c3,13-12-2024,23-07-2025
0x6dc43be93a8b5fd37dc16f24872babc6da5e5e3e,13-12-2024,23-07-2025
0xeF32eb37f3E8B4bDDdF99879b23015F309ED7304,13-12-2024,23-07-2025
0xF68D2BfCecd7895BBa05a7451Dd09A1749026454,13-12-2024,23-07-2025
0x06f455e2c297a4ae015191fa7a4a11c77c5b1b7c,13-12-2024,23-07-2025
0x75536cf4f01c2bfa528f5c74ddc1232db3af3ee5,13-12-2024,23-07-2025
0x92Bf20563e747B2f8711549Be17A9d7B876c4053,13-12-2024,23-07-2025
0xAc469c5dF1CE6983fF925d00d1866Ab780D402A4,13-12-2024,23-07-2025
0x826976d7c600d45fb8287ca1d7c76fc8eb732030,13-12-2024,23-07-2025
0x9c949881084dcbd97237f786710ab8e52a457136,13-12-2024,23-07-2025
0x894aa5f1e45454677a8560dde3b45cb5c427ef92,13-12-2024,23-07-2025
0xBF430a49C4d85AeeD3908619D5387A1fbF8E74A9,13-12-2024,23-07-2025
0x73186b2a81952c2340c4eb2e74e89869e1183df0,13-12-2024,23-07-2025
0x7fc80fad32ec41fd5cfcc14eee9c31953b6b4a8b,13-12-2024,23-07-2025
0x5d36a202687fd6bd0f670545334bf0b4827cc1e2,13-12-2024,23-07-2025
0x55aed0ce035883626e536254dda2f23a5b5d977f,13-12-2024,23-07-2025
0x15c6ac4cf1b5e49c44332fb0a1043ccab19db80a,13-12-2024,23-07-2025
0x66da63b03feca7dd44a5bb023bb3645d3252fa32,13-12-2024,23-07-2025
0x53e0B897EAE600B2F6855FCe4a42482E9229D2c2,13-12-2024,23-07-2025
0xDb150346155675dd0C93eFd960d5985244a34820,13-12-2024,23-07-2025
0xdb5781a835b60110298ff7205d8ef9678ff1f800,13-12-2024,23-07-2025
0x839395e20bbb182fa440d08f850e6c7a8f6f0780,13-12-2024,23-07-2025
0x585639fbf797c1258eba8875c080eb63c833d252,13-12-2024,23-07-2025
0x534631bcf33bdb069fb20a93d2fdb9e4d4dd42cf,13-12-2024,23-07-2025
0x1f5d295778796a8b9f29600a585ab73d452acb1c,13-12-2024,23-07-2025
0xABF28F8D9ADFB2255F4A059E37D3BCE9104969DB,13-12-2024,23-07-2025
0x1de2A056508E0D0dd88A88f1f5cdf9cfa510795c,13-12-2024,23-07-2025
0xf4b0556b9b6f53e00a1fdd2b0478ce841991d8fa,13-12-2024,23-07-2025
0x288C53a1BA857EaD34AD0e79F644087F8174185a,13-12-2024,23-07-2025
0x12681667bb220521c222f50ece5eb752046bc144,13-12-2024,23-07-2025
0x8f07bc36ff569312fdc41f3867d80bbd2fe94b76,13-12-2024,23-07-2025
0x94Db037207F6fB697DBd33524aaDffD108819DC8,13-12-2024,23-07-2025
0x00409fc839a2ec2e6d12305423d37cd011279c09,13-12-2024,23-07-2025
0x1d3bf13f8f7a83390d03db5e23a950778e1d1309,13-12-2024,23-07-2025
0x69DC230B06A15796E3F42BAF706E0E55D4D5EAA1,13-12-2024,23-07-2025
0x616cad18642f45d3fa5fcaad0a2d81764a9cba84,13-12-2024,23-07-2025
0xd35e119782059a27fead4edda8b555f393650bc8,13-12-2024,23-07-2025
0x9934465ee73beaf148b1b3ff232c8cd86c4c2c63,13-12-2024,23-07-2025
0xc2e2b715d9e302947ec7e312fd2384b5a1296099,13-12-2024,23-07-2025
0xDc0A92c350A52b6583e235a57901B8731aF8B249,13-12-2024,23-07-2025
0x665d84fffddd72d24df555e6b065b833478dffca,13-12-2024,23-07-2025
0xDCF7bE2ff93E1a7671724598b1526F3A33B1eC25,13-12-2024,23-07-2025
0xa142ab9eab9264807a41f0e5cbdab877d204e233,13-12-2024,23-07-2025
0xac3a69dd4a8fecc18b172bfa9643d6b0863819c8,13-12-2024,23-07-2025
0x399e0ae23663f27181ebb4e66ec504b3aab25541,13-12-2024,23-07-2025
0x5554672e67ba866b9861701d0e0494ab324ad19a,13-12-2024,23-07-2025
0x29C4dbC1a81d06c9AA2fAed93Bb8B4a78F3eabDb,13-12-2024,23-07-2025
0x53c61cfb8128ad59244e8c1d26109252ace23d14,13-12-2024,23-07-2025
0x91031dcfdea024b4d51e775486111d2b2a715871,13-12-2024,23-07-2025
0x849151D7D0BF1F34B70D5CAD5149D28CC2308BF1,13-12-2024,23-07-2025
0x34aa3f359a9d614239015126635ce7732c18fdf3,13-12-2024,23-07-2025
0xa3eac0016f6581ac34768c0d4b99ddcd88071c3c,13-12-2024,23-07-2025
0x490C91F38Ec57E3ab00811e0C51A62BfED7e81F4,13-12-2024,23-07-2025
0xd31b671F1a398B519222FdAba5aB5464B9F2a3Fa,13-12-2024,23-07-2025
0x801707059a55d748b23b02043c71b7a3d976f071,13-12-2024,23-07-2025
0x17640d0d8c93bf710b6ee4208997bb727b5b7bc2,13-12-2024,23-07-2025
0x1E6D9F536a5d1CC04fC13b3133EFdB90C8EE5ea1,13-12-2024,23-07-2025
0x7899d9b1181cbb427b0b1be0684c096c260f7474,13-12-2024,23-07-2025
0x434F5325DdcdbBfcCE64bE2617c72c4Aa33Ec3E7,13-12-2024,23-07-2025
0x0331969e189d63fbc31d771bb04ab44227d748d8,13-12-2024,23-07-2025
0x9194efdf03174a804f3552f4f7b7a4bb74badb7f,13-12-2024,23-07-2025
0xEee718c1e522ecB4b609265db7A83Ab48ea0B06f,13-12-2024,23-07-2025
0x23936429fc179da0e1300644fb3b489c736d562f,13-12-2024,23-07-2025
0xe53e89d978Ff1da716f80BaA6E6D8B3FA23f2284,13-12-2024,23-07-2025
0x5555763613a12D8F3e73be831DFf8598089d3dCa,13-12-2024,23-07-2025
0x75cac0ceb8a39ddb4942a83ad2aafaf0c2a3e13f,13-12-2024,23-07-2025
0x14276eB29e90541831cb94C80331484ae6D2A1D8,13-12-2024,23-07-2025
0xAeb99a255C3A243Ab3e4F654041e9BF5340cF313,13-12-2024,23-07-2025
0xdadd7c883288cfe2e257b0a361865e5e9349808b,13-12-2024,23-07-2025
0x60Ca282757BA67f3aDbF21F3ba2eBe4Ab3eb01fc,13-12-2024,23-07-2025
0x378c23b326504df4d29c81ba6757f53b2c59f315,13-12-2024,23-07-2025
0xDd7a79b1b6e8Dd444F99d68a7D493A85556944a2,13-12-2024,23-07-2025
0xde2b6860cb3212a6a1f8f8628abfe076723a4b39,13-12-2024,23-07-2025
0x57893E666BD15E886D74751B0879361A3383B57A,13-12-2024,23-07-2025
0x5872Ce037211233b9F6F5095c25988021f270C21,13-12-2024,23-07-2025
0xDcF09a83e9Cc4611b2215BFb7116BfAf5e906D3d,13-12-2024,23-07-2025
0x6eda5acaff7f5964e1ecc3fd61c62570c186ca0c,13-12-2024,23-07-2025
0x48A63097E1Ac123b1f5A8bbfFafA4afa8192FaB0,13-12-2024,23-07-2025
0xb0623c91c65621df716ab8afe5f66656b21a9108,13-12-2024,23-07-2025
0x925afeb19355e289ed1346ede709633ca8788b25,13-12-2024,23-07-2025
0x146cfed833cc926b16b0da9257e8a281c2add9f3,13-12-2024,23-07-2025
0x28F569cC6C29D804A1720edC16bF1eBab2eA35B4,13-12-2024,23-07-2025
0x45a10F35BeFa4aB841c77860204b133118B7CcAE,13-12-2024,23-07-2025
0x8Eb9e5E5375b72eE7c5cb786CE8564D854C26A86,13-12-2024,23-07-2025
0x308fedfb88F6E85F27b85c8011cCb9b5e15BCbF7,13-12-2024,23-07-2025
0xCb5feBBa6bbeb052D7249Aa315F3C0c1feD94910,13-12-2024,23-07-2025
0x3D220dAe74A035411Ff988648eE307304B69E23f,13-12-2024,23-07-2025
