date,HHI,CPI
26-05-2022,0,36.59
27-05-2022,10000,2371.41
28-05-2022,10000,2371.41
29-05-2022,10000,2371.41
30-05-2022,10000,2371.41
31-05-2022,624.17,211.55
01-06-2022,352.25,143.7
02-06-2022,365.84,147.23
03-06-2022,357.33,144.18
04-06-2022,365.04,146.21
05-06-2022,364.77,146.38
06-06-2022,364.58,146.65
07-06-2022,360.93,145.89
08-06-2022,356.62,144.62
09-06-2022,354.6,145.06
10-06-2022,344.13,141.24
11-06-2022,341.09,141.68
12-06-2022,337.38,140.75
13-06-2022,335.9,140.5
14-06-2022,332.8,140.02
15-06-2022,332.87,140.11
16-06-2022,333.72,140.38
17-06-2022,330.89,139.76
18-06-2022,332.38,140.24
19-06-2022,328.68,139.24
20-06-2022,331.23,139.92
21-06-2022,332.45,140.28
22-06-2022,329.69,139.59
23-06-2022,328.58,139.37
24-06-2022,326.95,139.02
25-06-2022,330.26,139.93
26-06-2022,331.03,140.17
27-06-2022,330.55,140.05
28-06-2022,331.2,140.15
29-06-2022,331.29,140.25
30-06-2022,330.17,139.96
01-07-2022,334.51,140.97
02-07-2022,335.86,141.3
03-07-2022,336.04,141.33
04-07-2022,336.83,141.51
05-07-2022,337.55,141.64
06-07-2022,337.95,141.76
07-07-2022,337.58,141.65
08-07-2022,336.25,141.25
09-07-2022,332.79,140.41
10-07-2022,332.74,140.34
11-07-2022,729.53,227.07
12-07-2022,736.56,228.79
13-07-2022,332.15,140.08
14-07-2022,331.24,139.89
15-07-2022,332.11,140.16
16-07-2022,330.65,139.78
17-07-2022,331.67,140.05
18-07-2022,333.84,140.85
19-07-2022,333.28,140.74
20-07-2022,329.8,139.92
21-07-2022,331.9,140.51
22-07-2022,331.85,140.45
23-07-2022,335.58,141.54
24-07-2022,334.96,141.68
25-07-2022,337.8,142.06
26-07-2022,367.62,148.25
27-07-2022,335.94,141.8
28-07-2022,339.82,142.88
29-07-2022,349.37,145.52
30-07-2022,347.24,145.01
31-07-2022,348.45,145.46
01-08-2022,350.61,146.17
02-08-2022,351.59,146.33
03-08-2022,360.08,148.65
04-08-2022,357.57,147.93
05-08-2022,363.11,149.3
06-08-2022,364.53,149.74
07-08-2022,365.86,150.1
08-08-2022,359.74,148.43
09-08-2022,356.76,147.67
10-08-2022,358.47,148.12
11-08-2022,355.5,147.37
12-08-2022,351.86,146.4
13-08-2022,355.91,147.56
14-08-2022,356.43,147.73
15-08-2022,353.37,146.99
16-08-2022,349.63,145.98
17-08-2022,352.01,146.73
18-08-2022,352.98,146.85
19-08-2022,352.3,146.67
20-08-2022,354.11,147.14
21-08-2022,353.17,146.88
22-08-2022,354.06,147.11
23-08-2022,355.38,147.45
24-08-2022,954.43,279.63
25-08-2022,345.64,145.81
26-08-2022,345.73,145.78
27-08-2022,340.82,144.49
28-08-2022,339.05,144.09
29-08-2022,338.46,143.8
30-08-2022,339.2,143.96
31-08-2022,339.36,143.99
01-09-2022,339.31,143.94
02-09-2022,334.94,142.78
03-09-2022,336.15,143.14
04-09-2022,335.72,142.99
05-09-2022,336.77,143.22
06-09-2022,334.84,142.71
07-09-2022,338.6,142.84
08-09-2022,338.76,142.84
09-09-2022,342.66,143.93
10-09-2022,340.11,143.27
11-09-2022,340.45,143.29
12-09-2022,341.56,143.52
13-09-2022,343.17,143.94
14-09-2022,341.7,143.47
15-09-2022,341.13,143.4
16-09-2022,341.18,143.37
17-09-2022,341.53,143.45
18-09-2022,344.69,144.34
19-09-2022,343.52,144.07
20-09-2022,343.22,144.02
21-09-2022,344.17,144.26
22-09-2022,344.35,144.21
23-09-2022,344.15,144.13
24-09-2022,343.57,143.98
25-09-2022,344.21,144.15
26-09-2022,343.89,144.04
27-09-2022,343.6,143.95
28-09-2022,343.43,143.85
29-09-2022,345.14,144.26
30-09-2022,345.96,144.5
01-10-2022,348.89,145.32
02-10-2022,353.4,146.54
03-10-2022,383.77,154.66
04-10-2022,360.3,148.52
05-10-2022,351.85,146.23
06-10-2022,351.33,146.17
07-10-2022,350.8,146.27
08-10-2022,350.27,145.92
09-10-2022,349.78,145.76
10-10-2022,349.53,145.63
11-10-2022,345.36,144.52
12-10-2022,345.69,144.61
13-10-2022,345.06,144.47
14-10-2022,344.98,144.43
15-10-2022,344.6,144.34
16-10-2022,344.49,144.33
17-10-2022,365.99,147.09
18-10-2022,366.12,147.18
19-10-2022,377.63,150.26
20-10-2022,376.07,149.84
21-10-2022,376.09,149.87
22-10-2022,375.17,149.64
23-10-2022,371.68,148.62
24-10-2022,369.34,147.91
25-10-2022,370.99,148.28
26-10-2022,371.9,148.52
27-10-2022,371.87,148.43
28-10-2022,372.53,148.61
29-10-2022,373.34,148.9
30-10-2022,374.08,149.05
31-10-2022,373.8,148.92
01-11-2022,375.5,149.42
02-11-2022,374.91,149.27
03-11-2022,375.72,149.38
04-11-2022,374.78,149.15
05-11-2022,352.29,142.93
06-11-2022,352.47,142.97
07-11-2022,350.9,142.64
08-11-2022,364.1,146.42
09-11-2022,362.49,146.13
10-11-2022,363.95,146.5
11-11-2022,367.7,147.41
12-11-2022,365.82,146.87
13-11-2022,365.72,146.81
14-11-2022,366.82,147.15
15-11-2022,366.7,147.13
16-11-2022,367.03,147.16
17-11-2022,365.37,146.84
18-11-2022,365.78,146.9
19-11-2022,365.82,146.91
20-11-2022,366.1,146.95
21-11-2022,365.1,146.67
22-11-2022,364.88,146.58
23-11-2022,365.37,146.73
24-11-2022,365.42,146.75
25-11-2022,366.74,147.09
26-11-2022,365.51,146.76
27-11-2022,359.74,146.16
28-11-2022,359.04,145.96
29-11-2022,357.1,145.39
30-11-2022,357.26,145.42
01-12-2022,363.36,147.09
02-12-2022,360.65,146.31
03-12-2022,361.52,146.54
04-12-2022,361.93,146.61
05-12-2022,362.47,146.75
06-12-2022,362.11,146.73
07-12-2022,363.06,146.94
08-12-2022,360.63,146.32
09-12-2022,361.73,146.69
10-12-2022,362.01,146.76
11-12-2022,363.16,147.05
12-12-2022,361.05,146.46
13-12-2022,362.5,146.81
14-12-2022,361.86,146.6
15-12-2022,361.16,146.44
16-12-2022,359.87,145.99
17-12-2022,359.29,145.88
18-12-2022,358.6,145.73
19-12-2022,359.7,146.02
20-12-2022,356.94,145.26
21-12-2022,356.91,145.23
22-12-2022,359.05,145.75
23-12-2022,359.49,145.88
24-12-2022,358.11,145.46
25-12-2022,356.96,145.12
26-12-2022,357.84,145.35
27-12-2022,357.92,145.35
28-12-2022,358.49,145.43
29-12-2022,357.15,145.09
30-12-2022,357.82,145.27
31-12-2022,359.11,145.57
01-01-2023,360.76,145.98
02-01-2023,363.19,146.66
03-01-2023,363.19,146.66
04-01-2023,363.27,146.71
05-01-2023,362,146.3
06-01-2023,364.04,146.9
07-01-2023,364.28,146.96
08-01-2023,365.16,147.22
09-01-2023,366.64,147.66
10-01-2023,364.05,147.08
11-01-2023,365.53,147.42
12-01-2023,364.76,147.23
13-01-2023,364.69,147.18
14-01-2023,367.25,147.86
15-01-2023,369.39,148.46
16-01-2023,365.32,147.36
17-01-2023,366.78,147.64
18-01-2023,364.81,147.05
19-01-2023,363.67,146.74
20-01-2023,365.79,147.27
21-01-2023,368.56,146.95
22-01-2023,368.67,146.94
23-01-2023,368.14,146.72
24-01-2023,369.4,147.06
25-01-2023,370.54,147.29
26-01-2023,370.45,158.38
27-01-2023,371.96,158.62
28-01-2023,371.76,158.62
29-01-2023,373.24,158.94
30-01-2023,373.23,159.03
31-01-2023,373.31,159.02
01-02-2023,378.45,160.08
02-02-2023,377.9,160.58
03-02-2023,376.3,159.84
04-02-2023,375.71,159.69
05-02-2023,363.2,156.3
06-02-2023,363.95,156.38
07-02-2023,352.44,152.49
08-02-2023,352.31,152.54
09-02-2023,311.26,143.19
10-02-2023,316.87,144.76
11-02-2023,329.68,148.08
12-02-2023,330.51,148.08
13-02-2023,324.66,146.11
14-02-2023,326.42,146.61
15-02-2023,326.47,146.43
16-02-2023,253.64,128.21
17-02-2023,256.92,130.92
18-02-2023,257.18,130.98
19-02-2023,257.62,131.03
20-02-2023,258.54,131.19
21-02-2023,253.09,129.4
22-02-2023,255.69,130.07
23-02-2023,256.96,130.39
24-02-2023,259.31,130.96
25-02-2023,259.13,130.84
26-02-2023,260.33,131.12
27-02-2023,254.53,129.2
28-02-2023,260.44,130.34
01-03-2023,259.51,130.09
02-03-2023,260.51,130.36
03-03-2023,261.19,130.56
04-03-2023,262.3,130.83
05-03-2023,262.6,130.91
06-03-2023,262.6,130.98
07-03-2023,264.42,131.36
08-03-2023,268.29,132.17
09-03-2023,270.4,132.75
10-03-2023,272.55,133.28
11-03-2023,272.39,133.2
12-03-2023,274.74,133.71
13-03-2023,275.75,133.85
14-03-2023,276.54,134.01
15-03-2023,277.5,134.21
16-03-2023,278.16,134.45
17-03-2023,278.05,134.46
18-03-2023,277.96,134.4
19-03-2023,278.46,134.52
20-03-2023,279.49,134.74
21-03-2023,279.92,134.83
22-03-2023,279.79,134.79
23-03-2023,285.99,136.76
24-03-2023,286.26,136.97
25-03-2023,286.14,136.94
26-03-2023,285.93,136.84
27-03-2023,290.71,137.95
28-03-2023,291.21,137.91
29-03-2023,292.32,138.05
30-03-2023,291.31,137.84
31-03-2023,289.94,119.48
01-04-2023,290.1,119.5
02-04-2023,291.23,119.74
03-04-2023,290.78,119.7
04-04-2023,291.26,119.84
05-04-2023,293.13,120.16
06-04-2023,292.6,120.2
07-04-2023,293.8,120.39
08-04-2023,293.9,120.39
09-04-2023,294.03,120.41
10-04-2023,294.9,120.44
11-04-2023,294.45,120.37
12-04-2023,295.94,120.58
13-04-2023,295.1,120.5
14-04-2023,295.57,120.64
15-04-2023,295.82,120.67
16-04-2023,295.46,120.56
17-04-2023,294.28,120.35
18-04-2023,294.77,120.47
19-04-2023,294.29,120.46
20-04-2023,294.24,120.52
21-04-2023,294.31,120.53
22-04-2023,294.69,120.62
23-04-2023,294.32,120.47
24-04-2023,294.44,120.51
25-04-2023,294.37,120.5
26-04-2023,294.01,120.43
27-04-2023,286.07,118.26
28-04-2023,283.73,117.8
29-04-2023,283.13,117.66
30-04-2023,281.93,117.31
01-05-2023,282.85,117.53
02-05-2023,282.87,117.55
03-05-2023,281.29,117.47
04-05-2023,281.72,117.5
05-05-2023,281.28,117.48
06-05-2023,281.97,117.61
07-05-2023,281.01,117.36
08-05-2023,280.46,117.24
09-05-2023,228.01,103.13
10-05-2023,228.49,103.28
11-05-2023,228,102.99
12-05-2023,228.6,102.98
13-05-2023,227.99,102.73
14-05-2023,228.4,102.83
15-05-2023,229.3,103
16-05-2023,228.67,102.87
17-05-2023,228.42,103.35
18-05-2023,227.19,103.26
19-05-2023,227.5,103.31
20-05-2023,227.53,103.33
21-05-2023,228.47,103.55
22-05-2023,228.49,103.63
23-05-2023,228.22,103.5
24-05-2023,228.41,103.54
25-05-2023,228.15,103.56
26-05-2023,228.13,103.55
27-05-2023,228.33,103.58
28-05-2023,228.35,103.58
29-05-2023,228.89,103.72
30-05-2023,231.26,104.21
31-05-2023,234.55,104.95
01-06-2023,231.23,102.98
02-06-2023,229.48,102.62
03-06-2023,229.7,102.67
04-06-2023,229.97,102.72
05-06-2023,229.81,102.65
06-06-2023,230.24,102.79
07-06-2023,231.08,102.91
08-06-2023,231.11,102.68
09-06-2023,230.97,102.7
10-06-2023,234.22,104.89
11-06-2023,234.63,104.98
12-06-2023,234.53,105.09
13-06-2023,235.47,105.32
14-06-2023,235.63,105.32
15-06-2023,236.49,105.57
16-06-2023,238.83,106.02
17-06-2023,239.84,106.19
18-06-2023,239.68,106.07
19-06-2023,239.25,106.02
20-06-2023,234.95,104.9
21-06-2023,235.4,105.02
22-06-2023,237.67,105.45
23-06-2023,237.93,105.41
24-06-2023,238.03,105.44
25-06-2023,237.5,105.3
26-06-2023,238.03,105.4
27-06-2023,238.11,105.51
28-06-2023,236.14,105.56
29-06-2023,252.49,109.03
30-06-2023,251.84,108.89
01-07-2023,250.88,108.59
02-07-2023,251.71,108.7
03-07-2023,253.43,108.96
04-07-2023,254.08,109.09
05-07-2023,255.15,109.3
06-07-2023,255.51,109.39
07-07-2023,255.84,109.44
08-07-2023,256.35,109.56
09-07-2023,256.6,109.59
10-07-2023,256.66,109.6
11-07-2023,256.71,109.56
12-07-2023,257.01,109.63
13-07-2023,227.78,108.32
14-07-2023,227.42,108.13
15-07-2023,227.46,108.16
16-07-2023,227.54,108.19
17-07-2023,226.77,108
18-07-2023,226.89,108.02
19-07-2023,225.09,107.63
20-07-2023,226.93,108.07
21-07-2023,226.72,108.03
22-07-2023,226.39,107.94
23-07-2023,226.56,107.99
24-07-2023,226.72,108.06
25-07-2023,225,107.64
26-07-2023,224.72,107.62
27-07-2023,221.11,106.77
28-07-2023,223.23,108.19
29-07-2023,225.89,108.87
30-07-2023,225.06,108.59
31-07-2023,226.15,108.81
01-08-2023,224.8,108.61
02-08-2023,224.65,108.54
03-08-2023,228.24,109.32
04-08-2023,228.46,109.47
05-08-2023,228.41,109.47
06-08-2023,228.36,109.43
07-08-2023,228.89,109.45
08-08-2023,231.65,110.19
09-08-2023,230.22,109.85
10-08-2023,230.12,109.78
11-08-2023,230.52,109.91
12-08-2023,230,109.76
13-08-2023,231.1,110.06
14-08-2023,230.38,109.84
15-08-2023,231.35,110
16-08-2023,232.47,110.33
17-08-2023,227.77,108.67
18-08-2023,228.31,108.68
19-08-2023,227.69,108.51
20-08-2023,227.96,108.59
21-08-2023,227.84,108.54
22-08-2023,228.4,108.61
23-08-2023,227.06,108.29
24-08-2023,227.34,108.39
25-08-2023,227.32,108.56
26-08-2023,227.48,108.64
27-08-2023,229.64,109.21
28-08-2023,230.68,109.39
29-08-2023,228.72,108.88
30-08-2023,228.35,108.88
31-08-2023,229.68,109.16
01-09-2023,229.16,109.02
02-09-2023,229.21,109.07
03-09-2023,229.21,109.07
04-09-2023,229.01,109.01
05-09-2023,229.08,109.04
06-09-2023,230.77,109.48
07-09-2023,230.67,109.51
08-09-2023,230.45,109.41
09-09-2023,230.47,109.42
10-09-2023,229.84,109.17
11-09-2023,229.17,109.03
12-09-2023,229.34,109.09
13-09-2023,229.16,109.05
14-09-2023,227.99,108.73
15-09-2023,228.8,108.92
16-09-2023,229.39,109.19
17-09-2023,229.1,109.13
18-09-2023,259.9,116.24
19-09-2023,266.3,117.2
20-09-2023,268.72,117.82
21-09-2023,270.37,118.11
22-09-2023,272.42,118.57
23-09-2023,272.24,118.45
24-09-2023,272.73,118.68
25-09-2023,274.39,119.43
26-09-2023,274.53,119.43
27-09-2023,282.73,121.13
28-09-2023,282.4,121.06
29-09-2023,282.75,121.11
30-09-2023,282.98,121.19
01-10-2023,283.44,121.26
02-10-2023,283.24,121.14
03-10-2023,283.35,121.18
04-10-2023,283.53,121.13
05-10-2023,283.7,121.2
06-10-2023,283.44,121.14
07-10-2023,283.46,121.12
08-10-2023,283.77,121.2
09-10-2023,282.68,120.93
10-10-2023,282.52,120.92
11-10-2023,280.88,120.58
12-10-2023,280.76,120.58
13-10-2023,278.63,120.04
14-10-2023,278.72,120.07
15-10-2023,277.55,119.86
16-10-2023,277.01,119.73
17-10-2023,277.01,119.71
18-10-2023,278.65,119.94
19-10-2023,278.92,119.94
20-10-2023,278.71,120.11
21-10-2023,279.02,120.21
22-10-2023,278.51,120.07
23-10-2023,275.94,119.65
24-10-2023,275.8,119.57
25-10-2023,275.64,119.47
26-10-2023,275.39,119.4
27-10-2023,289.84,117.72
28-10-2023,289.74,117.68
29-10-2023,289.67,117.67
30-10-2023,289.04,117.52
31-10-2023,289.08,117.55
01-11-2023,289.11,117.39
02-11-2023,288.89,117.37
03-11-2023,289.15,117.41
04-11-2023,289.05,117.38
05-11-2023,289.21,117.37
06-11-2023,288.95,117.28
07-11-2023,289.11,117.26
08-11-2023,289.27,117.35
09-11-2023,285.99,116.58
10-11-2023,286.62,116.76
11-11-2023,286.77,116.77
12-11-2023,286.08,116.58
13-11-2023,286.74,116.5
14-11-2023,290.6,117.39
15-11-2023,290.68,117.38
16-11-2023,287.97,116.88
17-11-2023,300.7,121.68
18-11-2023,299.87,121.36
19-11-2023,300.59,121.5
20-11-2023,302.08,121.87
21-11-2023,302.47,121.98
22-11-2023,302.28,122.02
23-11-2023,301.06,121.66
24-11-2023,300.73,121.56
25-11-2023,297.2,120.73
26-11-2023,297.33,120.79
27-11-2023,297.27,120.77
28-11-2023,296.4,120.61
29-11-2023,297.78,120.99
30-11-2023,298.1,121.04
01-12-2023,298.49,122.18
02-12-2023,298.25,122.1
03-12-2023,299.86,122.58
04-12-2023,299.56,122.54
05-12-2023,297.75,122.19
06-12-2023,295.56,121.71
07-12-2023,293.77,121.45
08-12-2023,293.61,121.35
09-12-2023,293.96,121.41
10-12-2023,293.44,121.29
11-12-2023,293.65,121.27
12-12-2023,294.34,121.42
13-12-2023,295.56,121.6
14-12-2023,296.05,121.75
15-12-2023,296.66,121.87
16-12-2023,297.07,121.96
17-12-2023,296.69,121.89
18-12-2023,300.76,122.78
19-12-2023,298.81,122.42
20-12-2023,298.89,122.43
21-12-2023,298.63,122.52
22-12-2023,322.38,128
23-12-2023,323.8,128.37
24-12-2023,325.26,128.7
25-12-2023,325.65,128.72
26-12-2023,326.15,128.85
27-12-2023,329.43,129.61
28-12-2023,330.22,129.82
29-12-2023,330.46,129.86
30-12-2023,330.86,129.93
31-12-2023,330.91,129.94
01-01-2024,331.29,130.02
02-01-2024,333.43,130.46
03-01-2024,331.04,129.84
04-01-2024,331.64,86.55
05-01-2024,333.07,86.74
06-01-2024,332.95,86.7
07-01-2024,333.03,86.69
08-01-2024,333.38,86.75
09-01-2024,333.47,86.75
10-01-2024,333.22,86.69
11-01-2024,333.14,86.64
12-01-2024,333.1,86.1
13-01-2024,333.49,86.15
14-01-2024,333.37,86.12
15-01-2024,335.05,86.42
16-01-2024,335.19,86.43
17-01-2024,335.2,86.41
18-01-2024,264.46,80.25
19-01-2024,264.51,80.27
20-01-2024,264.84,80.31
21-01-2024,264.97,80.32
22-01-2024,264.72,80.27
23-01-2024,265.03,80.3
24-01-2024,264.97,80.3
25-01-2024,264.99,80.32
26-01-2024,263.18,80.04
27-01-2024,263.2,80.05
28-01-2024,263.82,80.15
29-01-2024,263.42,80.09
30-01-2024,263.39,80.07
31-01-2024,263.39,80.08
01-02-2024,263.61,80.11
02-02-2024,263.92,80.13
03-02-2024,264.27,80.18
04-02-2024,264.48,80.21
05-02-2024,264.2,80.19
06-02-2024,263.95,80.13
07-02-2024,263.83,80.1
08-02-2024,264.04,80.11
09-02-2024,264.33,80.16
10-02-2024,264.68,80.2
11-02-2024,265.5,80.3
12-02-2024,261.12,79.6
13-02-2024,261.09,79.6
14-02-2024,260.87,79.61
15-02-2024,260.95,79.61
16-02-2024,261.02,79.61
17-02-2024,261.14,79.63
18-02-2024,261.15,79.62
19-02-2024,261.66,79.68
20-02-2024,260.44,79.6
21-02-2024,260.54,79.56
22-02-2024,259.86,79.46
23-02-2024,259.83,79.45
24-02-2024,260.2,79.52
25-02-2024,260.09,79.51
26-02-2024,260,79.5
27-02-2024,259.59,79.47
28-02-2024,258.36,79.31
29-02-2024,258.29,79.29
01-03-2024,259.13,79.44
02-03-2024,259.39,79.49
03-03-2024,259.78,79.54
04-03-2024,260.23,79.58
05-03-2024,259.88,79.48
06-03-2024,259.7,79.53
07-03-2024,258.79,79.43
08-03-2024,259.76,79.58
09-03-2024,257.16,79.16
10-03-2024,257.36,79.18
11-03-2024,257.61,79.22
12-03-2024,257.25,79.19
13-03-2024,257.27,79.19
14-03-2024,256.5,79.09
15-03-2024,256.07,79.01
16-03-2024,255.35,78.89
17-03-2024,255.23,78.86
18-03-2024,254.66,78.79
19-03-2024,255.08,78.85
20-03-2024,254.66,78.8
21-03-2024,254.72,78.8
22-03-2024,254.4,78.76
23-03-2024,253.9,78.68
24-03-2024,253.91,78.71
25-03-2024,253.77,78.7
26-03-2024,253.98,78.71
27-03-2024,253.76,78.69
28-03-2024,253.25,78.6
29-03-2024,253.74,78.71
30-03-2024,253.84,78.74
31-03-2024,253.79,78.73
01-04-2024,256.41,79.13
02-04-2024,256.48,79.13
03-04-2024,256.38,79.1
04-04-2024,256.3,79.08
05-04-2024,256.57,79.12
06-04-2024,256.58,79.12
07-04-2024,256.52,79.11
08-04-2024,256.35,79.09
09-04-2024,256.19,79.06
10-04-2024,256.35,79.07
11-04-2024,256.3,79.07
12-04-2024,256.29,79.09
13-04-2024,256.18,79.04
14-04-2024,255.94,78.97
15-04-2024,255.84,78.94
16-04-2024,255.53,78.92
17-04-2024,255.83,78.98
18-04-2024,252.73,78.5
19-04-2024,252.48,78.44
20-04-2024,252.24,78.39
21-04-2024,252.11,78.38
22-04-2024,252.21,78.38
23-04-2024,251.41,78.26
24-04-2024,251.32,78.25
25-04-2024,251.3,78.26
26-04-2024,251.22,78.24
27-04-2024,250.98,78.19
28-04-2024,250.75,78.15
29-04-2024,249.21,77.91
30-04-2024,243.74,76.98
01-05-2024,243.36,76.91
02-05-2024,243.44,76.94
03-05-2024,243.3,76.92
04-05-2024,243.23,76.91
05-05-2024,243.72,76.98
06-05-2024,243.91,76.98
07-05-2024,243.49,76.92
08-05-2024,242.72,76.83
09-05-2024,242.96,76.86
10-05-2024,244.56,77.11
11-05-2024,244.55,77.06
12-05-2024,244.66,77.08
13-05-2024,244.58,77.05
14-05-2024,244.49,77.03
15-05-2024,243.6,76.92
16-05-2024,243.46,76.93
17-05-2024,242.04,76.77
18-05-2024,242.83,76.91
19-05-2024,242.91,76.92
20-05-2024,243.01,76.95
21-05-2024,242,76.73
22-05-2024,236,75.85
23-05-2024,235.77,75.81
24-05-2024,235.96,75.83
25-05-2024,236.3,75.86
26-05-2024,236.09,75.85
27-05-2024,235.82,75.81
28-05-2024,238.77,76.29
29-05-2024,238.55,76.26
30-05-2024,238.56,76.26
31-05-2024,238.9,76.29
01-06-2024,238.5,76.24
02-06-2024,238.66,76.25
03-06-2024,238.41,76.25
04-06-2024,238.19,76.23
05-06-2024,237.73,76.01
06-06-2024,239.1,76.23
07-06-2024,238.22,76.17
08-06-2024,237.88,76.11
09-06-2024,237.77,76.1
10-06-2024,237.77,76.09
11-06-2024,237.73,76.09
12-06-2024,238.33,76.2
13-06-2024,237.61,76.1
14-06-2024,237.53,76.1
15-06-2024,237.71,76.12
16-06-2024,237.8,76.12
17-06-2024,236.99,76.01
18-06-2024,238.02,76.22
19-06-2024,237.51,76.16
20-06-2024,237.19,76.08
21-06-2024,237.11,76.09
22-06-2024,237.62,76.14
23-06-2024,237.53,76.12
24-06-2024,243.27,77.1
25-06-2024,242.94,77.09
26-06-2024,242.5,77.03
27-06-2024,242.19,68.66
28-06-2024,242.17,68.66
29-06-2024,242.18,68.66
30-06-2024,242.01,68.65
01-07-2024,242.22,68.67
02-07-2024,242.22,68.71
03-07-2024,241.69,68.61
04-07-2024,241.84,68.62
05-07-2024,242.57,68.67
06-07-2024,242.54,68.68
07-07-2024,242.84,68.72
08-07-2024,242.71,68.71
09-07-2024,242.19,68.67
10-07-2024,242.12,68.65
11-07-2024,242.14,68.65
12-07-2024,227.27,67.02
13-07-2024,226.46,66.97
14-07-2024,226.26,66.96
15-07-2024,226.58,67
16-07-2024,226.1,66.96
17-07-2024,225.88,71.04
18-07-2024,225.99,71.05
19-07-2024,226.18,71.08
20-07-2024,226.13,71.07
21-07-2024,226.39,71.1
22-07-2024,224.9,70.97
23-07-2024,224.54,70.92
24-07-2024,224.55,70.88
25-07-2024,224.41,70.89
26-07-2024,224.65,70.92
27-07-2024,224.75,70.94
28-07-2024,224.67,70.93
29-07-2024,223.83,70.81
30-07-2024,224.46,70.88
31-07-2024,224.6,70.88
01-08-2024,224.14,70.81
02-08-2024,224.99,70.92
03-08-2024,224.79,70.89
04-08-2024,225.26,70.96
05-08-2024,225.1,71
06-08-2024,225.52,71.05
07-08-2024,225.58,71.02
08-08-2024,225.08,70.95
09-08-2024,223.95,70.81
10-08-2024,224,70.83
11-08-2024,224,70.82
12-08-2024,223.9,70.82
13-08-2024,223.69,70.8
14-08-2024,224.18,70.86
15-08-2024,224.23,70.87
16-08-2024,224.29,70.9
17-08-2024,224.23,70.89
18-08-2024,224.21,70.88
19-08-2024,220.44,70.33
20-08-2024,220.42,70.33
21-08-2024,220.44,70.33
22-08-2024,225.33,71.22
23-08-2024,225.53,71.25
24-08-2024,226.4,71.3
25-08-2024,226.39,71.3
26-08-2024,226.17,71.26
27-08-2024,226.22,71.27
28-08-2024,226.13,71.25
29-08-2024,225.48,71.21
30-08-2024,231.41,71.14
31-08-2024,231.52,71.15
01-09-2024,231.58,71.15
02-09-2024,231.1,71.15
03-09-2024,231.08,71.15
04-09-2024,231.4,71.18
05-09-2024,231.26,71.16
06-09-2024,231.46,71.18
07-09-2024,231.31,71.16
08-09-2024,231.34,71.17
09-09-2024,231.21,71.15
10-09-2024,231.12,71.12
11-09-2024,230.96,71.12
12-09-2024,230.44,71.04
13-09-2024,230.46,71.04
14-09-2024,230.54,71.06
15-09-2024,230.51,71.05
16-09-2024,230.28,71.02
17-09-2024,230.24,71.02
18-09-2024,230.52,71.05
19-09-2024,230.09,70.99
20-09-2024,230.04,70.99
21-09-2024,229.94,70.99
22-09-2024,229.81,70.98
23-09-2024,230.37,71.04
24-09-2024,230.42,71.04
25-09-2024,230.48,71.05
26-09-2024,230.44,71.08
27-09-2024,230.13,71.04
28-09-2024,230.07,71.05
29-09-2024,230.2,71.06
30-09-2024,227.86,70.86
01-10-2024,227.84,70.85
02-10-2024,227.78,70.84
03-10-2024,227.69,70.83
04-10-2024,227.48,70.8
05-10-2024,228.7,70.96
06-10-2024,228.68,70.95
07-10-2024,228.66,70.93
08-10-2024,228.8,70.95
09-10-2024,226.07,70.24
10-10-2024,225.12,70.1
11-10-2024,224.71,70.03
12-10-2024,221.73,69.62
13-10-2024,221.9,69.66
14-10-2024,220.98,69.55
15-10-2024,221.14,69.57
16-10-2024,221.15,69.56
17-10-2024,221.27,69.61
18-10-2024,221.44,69.63
19-10-2024,221.55,69.64
20-10-2024,221.88,69.7
21-10-2024,223.2,69.84
22-10-2024,226.7,68.77
23-10-2024,223.5,68.33
24-10-2024,223.88,68.36
25-10-2024,224.07,68.39
26-10-2024,223.53,68.34
27-10-2024,223.24,68.33
28-10-2024,222.86,68.29
29-10-2024,221.92,68.21
30-10-2024,221.69,68.18
31-10-2024,223.72,68.34
01-11-2024,223.16,68.27
02-11-2024,223.43,68.26
03-11-2024,222.63,68.17
04-11-2024,223.31,68.26
05-11-2024,228.47,68.73
06-11-2024,228.31,68.71
07-11-2024,228.5,68.71
08-11-2024,226.39,68.41
09-11-2024,226.32,68.4
10-11-2024,226.27,68.41
11-11-2024,225.5,68.34
12-11-2024,225.39,68.32
13-11-2024,225.27,68.29
14-11-2024,225.47,68.3
15-11-2024,224.38,68.18
16-11-2024,221.7,67.94
17-11-2024,221.9,67.96
18-11-2024,221.86,67.95
19-11-2024,221.84,67.95
20-11-2024,221.88,67.96
21-11-2024,220.51,67.89
22-11-2024,220.32,67.8
23-11-2024,220.32,67.81
24-11-2024,220.32,67.81
25-11-2024,220.65,67.85
26-11-2024,220.95,67.87
27-11-2024,220.95,67.86
28-11-2024,218.68,67.68
29-11-2024,218.82,67.7
30-11-2024,220.72,67.85
01-12-2024,220.68,67.85
02-12-2024,222.77,68.02
03-12-2024,222.78,68.01
04-12-2024,222.93,68.02
05-12-2024,218.01,66.83
06-12-2024,217.62,66.86
07-12-2024,218.06,66.9
08-12-2024,218.08,66.91
09-12-2024,218.28,66.92
10-12-2024,217.81,66.84
11-12-2024,235.55,68.34
12-12-2024,233.56,68.35
13-12-2024,234.55,69.55
14-12-2024,234.3,69.51
15-12-2024,234.46,69.51
16-12-2024,234.79,69.55
17-12-2024,235.19,69.61
18-12-2024,235.25,69.62
19-12-2024,234.99,69.63
20-12-2024,234.52,69.56
21-12-2024,234.55,69.57
22-12-2024,235.13,69.57
23-12-2024,235.21,69.58
24-12-2024,235.15,69.57
25-12-2024,235.1,69.57
26-12-2024,235.5,69.62
27-12-2024,235.55,69.63
28-12-2024,235.86,69.67
29-12-2024,235.62,69.68
30-12-2024,235.76,69.68
31-12-2024,237.59,69.82
01-01-2025,237.71,69.84
02-01-2025,237.7,69.84
03-01-2025,237.41,69.83
04-01-2025,237.52,69.85
05-01-2025,237.12,69.8
06-01-2025,237.29,69.82
07-01-2025,237.29,69.8
08-01-2025,235.75,69.59
09-01-2025,234.83,69.54
10-01-2025,234.11,69.42
11-01-2025,232.49,69.15
12-01-2025,248.31,70.29
13-01-2025,248.94,70.36
14-01-2025,245.77,69.85
15-01-2025,241,69.23
16-01-2025,238.2,77.66
17-01-2025,241.66,78.27
18-01-2025,241.77,78.29
19-01-2025,242.18,78.31
20-01-2025,242.5,78.3
21-01-2025,242.64,78.3
22-01-2025,242.82,78.33
23-01-2025,242.68,78.37
24-01-2025,242.52,78.35
25-01-2025,242.79,78.37
26-01-2025,242.97,78.38
27-01-2025,242.87,78.38
28-01-2025,242.98,78.4
29-01-2025,242.31,78.34
30-01-2025,240.67,78.19
31-01-2025,240.75,78.18
01-02-2025,240.7,78.17
02-02-2025,240.78,78.17
03-02-2025,240.61,78.16
04-02-2025,240.85,78.2
05-02-2025,240.75,78.19
06-02-2025,240.26,78.12
07-02-2025,240.39,78.22
08-02-2025,240.46,78.23
09-02-2025,240.51,78.21
10-02-2025,240.43,78.2
11-02-2025,240.55,78.22
12-02-2025,240.47,78.2
13-02-2025,233.61,77.2
14-02-2025,233.8,77.22
15-02-2025,233.78,77.22
16-02-2025,233.82,77.22
17-02-2025,233.74,77.21
18-02-2025,233.74,77.21
19-02-2025,233.84,77.23
20-02-2025,233.83,77.2
21-02-2025,234.1,77.24
22-02-2025,234.07,77.24
23-02-2025,233.72,77.21
24-02-2025,233.66,77.2
25-02-2025,234.5,77.31
26-02-2025,233.74,77.24
27-02-2025,233.83,77.26
28-02-2025,234.95,77.31
01-03-2025,234.94,77.33
02-03-2025,234.96,77.33
03-03-2025,235.02,77.35
04-03-2025,235.48,77.42
05-03-2025,235.53,77.42
06-03-2025,235.02,77.57
07-03-2025,234.8,77.55
08-03-2025,234.81,77.55
09-03-2025,234.9,77.56
10-03-2025,235.06,77.38
11-03-2025,218.43,75.75
12-03-2025,218.45,75.75
13-03-2025,219.83,75.87
14-03-2025,219.85,75.88
15-03-2025,220.03,75.91
16-03-2025,220.13,75.92
17-03-2025,219.79,75.9
18-03-2025,221.59,76.05
19-03-2025,220.32,75.93
20-03-2025,220.27,75.94
21-03-2025,220.22,75.93
22-03-2025,220.36,75.94
23-03-2025,220.42,75.95
24-03-2025,220.51,75.95
25-03-2025,220.08,75.92
26-03-2025,221.64,76.06
27-03-2025,221.69,76.06
28-03-2025,221.69,76.05
29-03-2025,221.66,76.03
30-03-2025,220.84,75.97
31-03-2025,221.79,76.08
01-04-2025,206.94,74.05
02-04-2025,205.9,73.89
03-04-2025,205.52,73.81
04-04-2025,205.5,73.81
05-04-2025,205.28,73.78
06-04-2025,205.27,73.76
07-04-2025,205.55,73.85
08-04-2025,205.67,73.85
09-04-2025,205.84,73.85
10-04-2025,205.8,73.84
11-04-2025,205.53,73.81
12-04-2025,205.51,73.8
13-04-2025,205.42,73.87
14-04-2025,205.39,73.86
15-04-2025,205.56,73.88
16-04-2025,205.76,73.89
17-04-2025,204.93,73.84
18-04-2025,204.95,73.84
19-04-2025,204.92,73.83
20-04-2025,205,73.84
21-04-2025,205.39,73.91
22-04-2025,203.46,73.63
23-04-2025,203.37,73.62
24-04-2025,203.29,73.63
25-04-2025,202.64,73.53
26-04-2025,202.52,73.53
27-04-2025,202.55,73.54
28-04-2025,202.58,73.54
29-04-2025,202.45,73.53
30-04-2025,203.19,73.58
01-05-2025,203.26,73.59
02-05-2025,203.4,73.58
03-05-2025,203.33,73.56
04-05-2025,203.5,73.59
05-05-2025,203.82,73.64
06-05-2025,202.86,73.54
07-05-2025,202.04,73.47
08-05-2025,202.17,73.42
09-05-2025,202.53,73.47
10-05-2025,202.32,73.44
11-05-2025,202.52,73.46
12-05-2025,202.43,73.46
13-05-2025,202.48,73.48
14-05-2025,202.76,73.52
15-05-2025,202.92,73.52
16-05-2025,203.44,73.56
17-05-2025,203.44,73.57
18-05-2025,203.55,73.58
19-05-2025,203.62,73.59
20-05-2025,203.51,73.58
21-05-2025,203.4,73.57
22-05-2025,203.43,73.57
23-05-2025,204.92,73.68
24-05-2025,204.93,73.68
25-05-2025,205.07,73.7
26-05-2025,204.89,73.7
27-05-2025,204.97,73.71
28-05-2025,205.28,73.75
29-05-2025,205.44,73.76
30-05-2025,205.57,73.79
31-05-2025,207.63,73.98
01-06-2025,206.54,73.86
02-06-2025,206.74,73.88
03-06-2025,206.63,73.87
04-06-2025,205.98,73.81
05-06-2025,206.37,73.86
06-06-2025,206.29,73.88
07-06-2025,206.69,73.84
08-06-2025,207.01,73.89
09-06-2025,207.42,73.93
10-06-2025,207.51,73.95
11-06-2025,207.61,73.97
12-06-2025,207.78,73.97
13-06-2025,207.54,73.93
14-06-2025,207.59,73.94
15-06-2025,207.68,73.94
16-06-2025,207.73,73.97
17-06-2025,207.49,73.95
18-06-2025,207.64,73.93
